{
  "project_info": {
    "project_number": "248342557430",
    "project_id": "myapplication-df563",
    "storage_bucket": "myapplication-df563.appspot.com"
  },
  "client": [
    {
      "client_info": {
        "mobilesdk_app_id": "1:248342557430:android:1c0ffed35b1905f8c6b2d7",
        "android_client_info": {
          "package_name": "com.example.myapplication"
        }
      },
      "oauth_client": [
        {
          "client_id": "248342557430-5a9cp90hpk3oejcpp7e1ndc7nchkmerg.apps.googleusercontent.com",
          "client_type": 3
        }
      ],
      "api_key": [
        {
          "current_key": "AIzaSyAv4M_TRVDZgwW9-x07SHr3cDsxMwgt6VA"
        }
      ],
      "services": {
        "appinvite_service": {
          "other_platform_oauth_client": [
            {
              "client_id": "248342557430-5a9cp90hpk3oejcpp7e1ndc7nchkmerg.apps.googleusercontent.com",
              "client_type": 3
            }
          ]
        }
      }
    }
  ],
  "configuration_version": "1"
}